time_s,time_min,freq_n1_Hz,freq_n3_Hz
0.0,0.0,0.3016,-0.174
1.0011,0.0167,-0.0849,-0.8379
2.0022,0.0334,-0.9332,-2.4535
3.0033,0.0501,-1.8014,-3.9267
4.0044,0.0667,-2.1416,-5.6201
5.0056,0.0834,-1.7101,-7.0014
6.0067,0.1001,-3.0395,-8.844
7.0078,0.1168,-2.7963,-9.5151
8.0089,0.1335,-3.9799,-11.2971
9.01,0.1502,-3.8068,-12.5917
10.0111,0.1669,-4.7005,-14.1115
11.0122,0.1835,-4.9761,-15.5876
12.0133,0.2002,-5.5036,-17.6052
13.0145,0.2169,-6.3386,-18.4304
14.0156,0.2336,-6.0259,-19.3853
15.0167,0.2503,-6.9068,-20.0761
16.0178,0.267,-7.6115,-20.9361
17.0189,0.2836,-7.7435,-23.1352
18.02,0.3003,-7.5259,-25.2325
19.0211,0.317,-8.4719,-25.4423
20.0222,0.3337,-8.9747,-28.1758
21.0234,0.3504,-8.5997,-28.1478
22.0245,0.3671,-9.4834,-29.5409
23.0256,0.3838,-10.3236,-31.2318
24.0267,0.4004,-10.7903,-33.1858
25.0278,0.4171,-11.0994,-33.4255
26.0289,0.4338,-11.3615,-35.8933
27.03,0.4505,-12.177,-35.9382
28.0311,0.4672,-12.4495,-37.4581
29.0323,0.4839,-12.7371,-38.4426
30.0334,0.5006,-13.0079,-39.9569
31.0345,0.5172,-13.8154,-40.9235
32.0356,0.5339,-13.4338,-42.489
33.0367,0.5506,-14.3641,-43.3715
34.0378,0.5673,-14.672,-45.4732
35.0389,0.584,-14.7446,-46.4596
36.04,0.6007,-15.4561,-46.8994
37.0412,0.6174,-15.7999,-47.9944
38.0423,0.634,-15.7754,-49.8003
39.0434,0.6507,-16.7074,-50.5212
40.0445,0.6674,-16.9212,-52.5645
41.0456,0.6841,-17.141,-53.1358
42.0467,0.7008,-17.6924,-54.9815
43.0478,0.7175,-17.8494,-55.5082
44.0489,0.7341,-18.2678,-55.8998
45.0501,0.7508,-19.2093,-58.4471
46.0512,0.7675,-18.8171,-58.6124
47.0523,0.7842,-19.7686,-59.7698
48.0534,0.8009,-19.9608,-60.818
49.0545,0.8176,-20.2468,-62.0213
50.0556,0.8343,-20.8629,-62.4069
51.0567,0.8509,-20.8606,-64.2052
52.0578,0.8676,-21.4193,-65.1345
53.059,0.8843,-21.5468,-66.4551
54.0601,0.901,-22.5106,-68.2002
55.0612,0.9177,-22.5936,-68.9361
56.0623,0.9344,-22.4139,-70.2748
57.0634,0.9511,-22.9454,-70.61
58.0645,0.9677,-23.6285,-71.5395
59.0656,0.9844,-23.6744,-72.3323
60.0667,1.0011,-23.907,-74.5749
61.0679,1.0178,-23.8968,-74.5835
62.069,1.0345,-24.7194,-75.8484
63.0701,1.0512,-25.0831,-76.7778
64.0712,1.0679,-25.6598,-77.8575
65.0723,1.0845,-25.7881,-78.865
66.0734,1.1012,-25.8555,-79.5246
67.0745,1.1179,-26.6114,-80.9337
68.0756,1.1346,-26.5726,-82.2119
69.0768,1.1513,-27.0459,-82.8872
70.0779,1.168,-27.3138,-84.2437
71.079,1.1846,-27.6578,-84.9201
72.0801,1.2013,-27.7328,-84.7176
73.0812,1.218,-28.7903,-86.362
74.0823,1.2347,-29.2101,-87.4072
75.0834,1.2514,-28.672,-88.6429
76.0845,1.2681,-29.0889,-90.4712
77.0857,1.2848,-29.4998,-90.2742
78.0868,1.3014,-29.6423,-92.6811
79.0879,1.3181,-30.6688,-93.0987
80.089,1.3348,-30.2515,-92.5809
81.0901,1.3515,-30.7206,-95.0243
82.0912,1.3682,-31.3368,-94.8719
83.0923,1.3849,-31.196,-95.7097
84.0934,1.4016,-31.5805,-98.167
85.0945,1.4182,-32.0477,-97.9223
86.0957,1.4349,-32.2471,-98.6327
87.0968,1.4516,-32.5299,-99.5563
88.0979,1.4683,-32.7986,-100.5564
89.099,1.485,-33.5905,-101.6837
90.1001,1.5017,-33.6653,-102.4045
91.1012,1.5184,-33.5252,-103.0614
92.1023,1.535,-34.5094,-103.6655
93.1034,1.5517,-33.9538,-104.7032
94.1046,1.5684,-34.9308,-106.3713
95.1057,1.5851,-35.008,-107.0955
96.1068,1.6018,-35.1961,-107.726
97.1079,1.6185,-35.4088,-109.5767
98.109,1.6352,-36.0519,-109.6409
99.1101,1.6518,-36.1691,-109.7348
100.1112,1.6685,-36.1361,-110.5421
101.1123,1.6852,-37.0141,-111.7635
102.1135,1.7019,-36.281,-112.9233
103.1146,1.7186,-37.3057,-112.7788
104.1157,1.7353,-37.5478,-114.6102
105.1168,1.7519,-38.0449,-114.7979
106.1179,1.7686,-37.7214,-114.9824
107.119,1.7853,-38.4244,-116.5894
108.1201,1.802,-38.3951,-117.4024
109.1212,1.8187,-38.7792,-119.0244
110.1224,1.8354,-38.9133,-118.9569
111.1235,1.8521,-39.5118,-119.0962
112.1246,1.8687,-39.3548,-119.8908
113.1257,1.8854,-39.615,-121.1016
114.1268,1.9021,-39.2506,-122.1748
115.1279,1.9188,-40.5435,-122.2981
116.129,1.9355,-40.9057,-123.8069
117.1301,1.9522,-40.2722,-124.7988
118.1313,1.9689,-40.9713,-125.6906
119.1324,1.9855,-41.3799,-126.0478
120.1335,2.0022,-41.2202,-126.5691
121.1346,2.0189,-41.5027,-128.189
122.1357,2.0356,-42.2378,-128.2061
123.1368,2.0523,-42.2319,-128.9116
124.1379,2.069,-42.3217,-129.8331
125.139,2.0857,-43.0617,-129.8915
126.1402,2.1023,-42.5092,-130.8784
127.1413,2.119,-43.3063,-131.0703
128.1424,2.1357,-43.3813,-132.2896
129.1435,2.1524,-43.5282,-133.7005
130.1446,2.1691,-43.5633,-135.0115
131.1457,2.1858,-44.1998,-133.7292
132.1468,2.2024,-44.4058,-135.7232
133.1479,2.2191,-44.3528,-135.5078
134.1491,2.2358,-44.9149,-137.2428
135.1502,2.2525,-45.8623,-137.4132
136.1513,2.2692,-45.9261,-137.4242
137.1524,2.2859,-45.1284,-138.9488
138.1535,2.3026,-45.3802,-139.9227
139.1546,2.3192,-45.9669,-139.7753
140.1557,2.3359,-45.8605,-140.8064
141.1568,2.3526,-45.3447,-141.3481
142.158,2.3693,-46.7739,-141.1383
143.1591,2.386,-46.994,-143.2843
144.1602,2.4027,-46.653,-143.1664
145.1613,2.4194,-47.1263,-144.4766
146.1624,2.436,-47.3555,-145.0305
147.1635,2.4527,-47.4964,-146.0274
148.1646,2.4694,-47.33,-146.3617
149.1657,2.4861,-47.1404,-146.8406
150.1669,2.5028,-47.9853,-147.2777
151.168,2.5195,-48.8239,-148.324
152.1691,2.5362,-48.6075,-148.2562
153.1702,2.5528,-48.3623,-149.2562
154.1713,2.5695,-49.4239,-150.1739
155.1724,2.5862,-49.3049,-148.9792
156.1735,2.6029,-49.1373,-151.2105
157.1746,2.6196,-49.3973,-152.0203
158.1758,2.6363,-49.6544,-151.0307
159.1769,2.6529,-49.7564,-152.1633
160.178,2.6696,-50.0851,-152.228
161.1791,2.6863,-50.2004,-154.6405
162.1802,2.703,-50.4098,-154.494
163.1813,2.7197,-51.0408,-154.8431
164.1824,2.7364,-50.5783,-155.6891
165.1835,2.7531,-51.3903,-156.1345
166.1846,2.7697,-51.2439,-157.0015
167.1858,2.7864,-51.6021,-157.4042
168.1869,2.8031,-51.4387,-157.7332
169.188,2.8198,-51.6553,-158.3525
170.1891,2.8365,-51.4978,-159.5085
171.1902,2.8532,-52.286,-158.8696
172.1913,2.8699,-52.5337,-160.2931
173.1924,2.8865,-52.9169,-161.4458
174.1935,2.9032,-52.3092,-161.1647
175.1947,2.9199,-53.0114,-161.1413
176.1958,2.9366,-53.3257,-162.7141
177.1969,2.9533,-53.9865,-163.3396
178.198,2.97,-53.1742,-162.6786
179.1991,2.9867,-53.4356,-163.1951
180.2002,3.0033,-53.7537,-164.4203
181.2013,3.02,-53.6632,-165.4457
182.2024,3.0367,-54.3741,-165.175
183.2036,3.0534,-55.0818,-167.1838
184.2047,3.0701,-54.2798,-166.753
185.2058,3.0868,-54.7608,-167.6075
186.2069,3.1034,-54.9988,-167.25
187.208,3.1201,-54.6805,-168.4435
188.2091,3.1368,-55.2808,-168.9755
189.2102,3.1535,-54.9343,-169.6001
190.2113,3.1702,-55.7006,-169.5032
191.2125,3.1869,-55.5122,-169.7242
192.2136,3.2036,-55.7851,-171.2314
193.2147,3.2202,-55.9715,-170.4719
194.2158,3.2369,-56.1771,-172.492
195.2169,3.2536,-55.9573,-172.2951
196.218,3.2703,-56.6862,-172.8537
197.2191,3.287,-56.9627,-172.5957
198.2202,3.3037,-56.5552,-174.0223
199.2214,3.3204,-56.9512,-174.0811
200.2225,3.337,-57.1977,-174.4507
201.2236,3.3537,-57.461,-174.7943
202.2247,3.3704,-57.5489,-175.206
203.2258,3.3871,-57.3087,-176.1631
204.2269,3.4038,-57.7039,-175.7342
205.228,3.4205,-57.8718,-177.0482
206.2291,3.4372,-57.601,-176.9964
207.2303,3.4538,-58.1264,-177.1739
208.2314,3.4705,-58.4582,-178.0263
209.2325,3.4872,-58.1285,-179.1465
210.2336,3.5039,-58.1081,-178.9111
211.2347,3.5206,-58.4647,-179.7427
212.2358,3.5373,-58.7078,-179.8674
213.2369,3.5539,-59.073,-180.9373
214.238,3.5706,-58.9289,-181.1513
215.2392,3.5873,-58.9267,-180.6857
216.2403,3.604,-59.3015,-181.5403
217.2414,3.6207,-59.594,-182.1993
218.2425,3.6374,-59.6288,-182.1675
219.2436,3.6541,-59.5561,-184.3358
220.2447,3.6707,-60.2934,-183.3976
221.2458,3.6874,-60.3014,-184.0655
222.2469,3.7041,-60.1991,-184.3339
223.2481,3.7208,-60.1731,-184.7772
224.2492,3.7375,-59.852,-183.9971
225.2503,3.7542,-60.6362,-185.7355
226.2514,3.7709,-61.2624,-186.7922
227.2525,3.7875,-60.6695,-186.1636
228.2536,3.8042,-60.7985,-186.6428
229.2547,3.8209,-61.2769,-187.1915
230.2558,3.8376,-60.7971,-188.1788
231.257,3.8543,-61.6491,-189.0075
232.2581,3.871,-61.4022,-189.3928
233.2592,3.8877,-62.1502,-189.3892
234.2603,3.9043,-61.6062,-190.39
235.2614,3.921,-62.1129,-190.4083
236.2625,3.9377,-61.5542,-190.6702
237.2636,3.9544,-62.053,-188.7067
238.2647,3.9711,-62.5571,-191.118
239.2659,3.9878,-62.4117,-190.2769
240.267,4.0044,-62.1932,-191.9468
241.2681,4.0211,-63.0827,-191.986
242.2692,4.0378,-63.369,-191.4154
243.2703,4.0545,-63.1732,-193.2505
244.2714,4.0712,-63.6919,-193.3551
245.2725,4.0879,-63.5816,-194.4385
246.2736,4.1046,-63.0611,-193.5752
247.2747,4.1212,-63.7177,-195.1602
248.2759,4.1379,-64.023,-194.7692
249.277,4.1546,-64.3165,-194.968
250.2781,4.1713,-64.0577,-195.0395
251.2792,4.188,-64.3081,-194.6742
252.2803,4.2047,-63.9221,-195.6812
253.2814,4.2214,-63.9079,-195.4023
254.2825,4.238,-64.4989,-195.7447
255.2836,4.2547,-64.9871,-197.68
256.2848,4.2714,-64.1432,-196.5844
257.2859,4.2881,-64.4928,-198.5688
258.287,4.3048,-64.7255,-198.5256
259.2881,4.3215,-64.719,-198.3629
260.2892,4.3382,-64.7885,-197.7731
261.2903,4.3548,-64.4664,-199.9383
262.2914,4.3715,-65.0481,-199.7333
263.2925,4.3882,-65.2752,-200.5893
264.2937,4.4049,-65.5298,-199.8124
265.2948,4.4216,-65.7682,-199.857
266.2959,4.4383,-66.2281,-201.3449
267.297,4.4549,-65.6807,-202.3149
268.2981,4.4716,-65.8123,-201.3306
269.2992,4.4883,-66.5413,-202.1477
270.3003,4.505,-66.1648,-201.7932
271.3014,4.5217,-66.3647,-201.9098
272.3026,4.5384,-66.1779,-202.4611
273.3037,4.5551,-66.4439,-203.5936
274.3048,4.5717,-66.0863,-204.2664
275.3059,4.5884,-66.5218,-203.8633
276.307,4.6051,-66.3365,-204.2651
277.3081,4.6218,-66.5807,-204.4286
278.3092,4.6385,-66.7721,-204.998
279.3103,4.6552,-66.9575,-205.3313
280.3115,4.6719,-66.6729,-206.6136
281.3126,4.6885,-67.1795,-205.8214
282.3137,4.7052,-67.5769,-206.1085
283.3148,4.7219,-67.0006,-205.747
284.3159,4.7386,-67.3952,-205.9986
285.317,4.7553,-67.8093,-207.1344
286.3181,4.772,-68.1069,-208.2864
287.3192,4.7887,-67.5748,-207.2148
288.3204,4.8053,-67.9027,-207.9915
289.3215,4.822,-67.9704,-207.7681
290.3226,4.8387,-67.8681,-208.0794
291.3237,4.8554,-68.1995,-207.3852
292.3248,4.8721,-68.1928,-207.914
293.3259,4.8888,-68.1359,-209.594
294.327,4.9055,-68.9624,-209.5028
295.3281,4.9221,-68.6091,-209.5456
296.3293,4.9388,-68.7331,-210.1208
297.3304,4.9555,-68.2385,-210.7557
298.3315,4.9722,-68.544,-210.5337
299.3326,4.9889,-69.3041,-210.9621
300.3337,5.0056,-68.7608,-210.7145
301.3348,5.0222,-68.8074,-212.2171
302.3359,5.0389,-69.0007,-212.0128
303.337,5.0556,-69.2441,-212.3536
304.3382,5.0723,-69.6625,-212.115
305.3393,5.089,-69.3324,-212.4399
306.3404,5.1057,-69.6534,-212.6323
307.3415,5.1224,-69.6106,-212.6957
308.3426,5.139,-69.8437,-213.7365
309.3437,5.1557,-69.9309,-213.3332
310.3448,5.1724,-70.0891,-213.8866
311.3459,5.1891,-69.7994,-214.3983
312.3471,5.2058,-70.4185,-214.2559
313.3482,5.2225,-69.6809,-213.4838
314.3493,5.2392,-70.1846,-215.5978
315.3504,5.2558,-70.3706,-215.4729
316.3515,5.2725,-70.5845,-215.6309
317.3526,5.2892,-70.2589,-216.1445
318.3537,5.3059,-71.256,-215.1556
319.3548,5.3226,-71.3973,-216.2406
320.356,5.3393,-70.6357,-216.2747
321.3571,5.356,-70.3252,-216.8457
322.3582,5.3726,-70.8301,-217.3283
323.3593,5.3893,-70.7138,-217.0313
324.3604,5.406,-71.0469,-216.7064
325.3615,5.4227,-71.3227,-217.2809
326.3626,5.4394,-70.8237,-217.8024
327.3637,5.4561,-71.7749,-217.1607
328.3648,5.4727,-71.3708,-217.9757
329.366,5.4894,-71.4788,-217.9427
330.3671,5.5061,-71.6934,-219.3135
331.3682,5.5228,-71.4122,-218.0781
332.3693,5.5395,-71.4848,-219.8309
333.3704,5.5562,-72.4471,-219.8056
334.3715,5.5729,-71.638,-219.3125
335.3726,5.5895,-71.9653,-220.4604
336.3737,5.6062,-71.6391,-219.6759
337.3749,5.6229,-72.5963,-220.5827
338.376,5.6396,-71.5843,-219.8167
339.3771,5.6563,-72.1866,-220.0589
340.3782,5.673,-72.2254,-220.6224
341.3793,5.6897,-72.2898,-221.8613
342.3804,5.7063,-72.9165,-221.5797
343.3815,5.723,-72.5916,-221.4586
344.3826,5.7397,-72.1364,-221.1122
345.3838,5.7564,-72.2819,-222.2936
346.3849,5.7731,-72.8236,-222.599
347.386,5.7898,-72.5931,-222.7118
348.3871,5.8065,-72.7573,-222.3561
349.3882,5.8231,-73.1066,-222.4042
350.3893,5.8398,-72.658,-223.0925
351.3904,5.8565,-72.6236,-222.5572
352.3915,5.8732,-72.6812,-223.8864
353.3927,5.8899,-72.975,-223.9964
354.3938,5.9066,-73.616,-224.007
355.3949,5.9232,-73.1199,-223.422
356.396,5.9399,-72.7768,-224.1918
357.3971,5.9566,-73.3888,-224.7805
358.3982,5.9733,-73.2681,-224.3606
359.3993,5.99,-73.5908,-224.2882
360.4004,6.0067,-72.9072,-225.3473
361.4016,6.0234,-73.4851,-225.2707
362.4027,6.04,-73.6473,-224.7029
363.4038,6.0567,-73.4859,-225.4662
364.4049,6.0734,-74.5557,-225.6708
365.406,6.0901,-73.259,-225.2403
366.4071,6.1068,-73.8691,-225.5153
367.4082,6.1235,-74.3055,-226.3223
368.4093,6.1402,-74.0834,-226.4583
369.4105,6.1568,-74.3532,-226.1646
370.4116,6.1735,-74.3897,-227.7171
371.4127,6.1902,-74.2827,-226.1563
372.4138,6.2069,-73.6007,-227.9957
373.4149,6.2236,-74.3405,-227.3075
374.416,6.2403,-74.4141,-227.5499
375.4171,6.257,-74.4213,-228.45
376.4182,6.2736,-74.4525,-227.6793
377.4194,6.2903,-74.4032,-228.4317
378.4205,6.307,-74.9715,-228.054
379.4216,6.3237,-74.8267,-227.8121
380.4227,6.3404,-74.9484,-228.9138
381.4238,6.3571,-74.6392,-228.2923
382.4249,6.3737,-75.1064,-229.6878
383.426,6.3904,-74.6865,-228.9096
384.4271,6.4071,-75.0292,-229.1447
385.4283,6.4238,-74.8211,-229.7397
386.4294,6.4405,-75.7039,-229.3089
387.4305,6.4572,-75.3119,-229.9207
388.4316,6.4739,-75.0603,-229.6388
389.4327,6.4905,-75.7593,-229.5084
390.4338,6.5072,-75.3961,-230.406
391.4349,6.5239,-75.7496,-229.7077
392.436,6.5406,-74.8491,-230.9337
393.4372,6.5573,-75.5642,-231.1211
394.4383,6.574,-75.09,-231.0285
395.4394,6.5907,-76.0739,-231.3766
396.4405,6.6073,-75.4535,-231.959
397.4416,6.624,-75.4629,-231.4202
398.4427,6.6407,-75.8595,-231.9347
399.4438,6.6574,-75.4289,-231.8224
400.4449,6.6741,-76.1686,-231.624
401.4461,6.6908,-75.3838,-231.6543
402.4472,6.7075,-75.8163,-232.2865
403.4483,6.7241,-75.7675,-231.8096
404.4494,6.7408,-76.0147,-233.2085
405.4505,6.7575,-76.0689,-232.8484
406.4516,6.7742,-75.8907,-232.7491
407.4527,6.7909,-75.5025,-233.3181
408.4538,6.8076,-76.0114,-233.634
409.4549,6.8242,-76.6914,-233.5479
410.4561,6.8409,-76.5669,-233.4823
411.4572,6.8576,-76.6083,-233.034
412.4583,6.8743,-76.1067,-233.7209
413.4594,6.891,-76.8122,-233.7743
414.4605,6.9077,-76.4392,-233.9003
415.4616,6.9244,-76.402,-234.4306
416.4627,6.941,-76.7971,-234.8425
417.4638,6.9577,-76.4636,-234.6124
418.465,6.9744,-76.387,-235.3658
419.4661,6.9911,-77.3348,-235.5091
420.4672,7.0078,-76.5444,-233.743
421.4683,7.0245,-76.9142,-235.308
422.4694,7.0412,-76.6829,-235.7281
423.4705,7.0578,-76.1076,-235.7419
424.4716,7.0745,-76.8797,-235.7527
425.4727,7.0912,-77.2867,-235.9774
426.4739,7.1079,-76.2455,-235.7518
427.475,7.1246,-77.3215,-236.4196
428.4761,7.1413,-76.9069,-236.0872
429.4772,7.158,-77.5074,-236.1229
430.4783,7.1746,-77.2518,-236.9143
431.4794,7.1913,-77.0621,-235.6781
432.4805,7.208,-77.2887,-237.0761
433.4816,7.2247,-77.0962,-236.9216
434.4828,7.2414,-77.4794,-236.219
435.4839,7.2581,-77.7656,-236.8954
436.485,7.2747,-78.2146,-237.6052
437.4861,7.2914,-78.0596,-236.5532
438.4872,7.3081,-77.3039,-237.2127
439.4883,7.3248,-77.8311,-237.6854
440.4894,7.3415,-77.4914,-237.8306
441.4905,7.3582,-77.7743,-238.1132
442.4917,7.3749,-77.7269,-238.0773
443.4928,7.3915,-77.0773,-238.0232
444.4939,7.4082,-77.674,-238.2961
445.495,7.4249,-78.0641,-237.8782
446.4961,7.4416,-77.5379,-238.0826
447.4972,7.4583,-77.4264,-238.8567
448.4983,7.475,-78.3084,-239.0266
449.4994,7.4917,-77.735,-238.3598
450.5006,7.5083,-78.5688,-239.6971
451.5017,7.525,-77.9665,-238.723
452.5028,7.5417,-77.9366,-238.6772
453.5039,7.5584,-78.0288,-239.3879
454.505,7.5751,-78.3367,-239.8532
455.5061,7.5918,-78.625,-239.5473
456.5072,7.6085,-78.4442,-239.4634
457.5083,7.6251,-78.2777,-239.6735
458.5095,7.6418,-78.1422,-240.3092
459.5106,7.6585,-78.499,-239.5642
460.5117,7.6752,-77.9824,-238.9142
461.5128,7.6919,-79.0076,-240.3425
462.5139,7.7086,-78.3692,-239.2138
463.515,7.7253,-78.8515,-241.8288
464.5161,7.7419,-78.5853,-240.5632
465.5172,7.7586,-78.6077,-240.5832
466.5184,7.7753,-78.749,-239.6947
467.5195,7.792,-78.7062,-241.2143
468.5206,7.8087,-78.5883,-241.7414
469.5217,7.8254,-78.8803,-240.7768
470.5228,7.842,-78.7967,-241.2567
471.5239,7.8587,-79.1519,-241.4941
472.525,7.8754,-78.8242,-241.6062
473.5261,7.8921,-78.7626,-241.0663
474.5273,7.9088,-78.7317,-241.8883
475.5284,7.9255,-78.7537,-241.1996
476.5295,7.9422,-79.0235,-241.0019
477.5306,7.9588,-79.0472,-241.4273
478.5317,7.9755,-79.2637,-242.1996
479.5328,7.9922,-79.0664,-242.443
480.5339,8.0089,-78.4201,-242.7228
481.535,8.0256,-78.9265,-242.4686
482.5362,8.0423,-79.8726,-242.4092
483.5373,8.059,-79.0332,-242.5976
484.5384,8.0756,-78.9946,-241.4142
485.5395,8.0923,-79.6567,-242.9397
486.5406,8.109,-79.6613,-242.3868
487.5417,8.1257,-79.6254,-242.291
488.5428,8.1424,-78.8178,-243.6305
489.5439,8.1591,-79.6047,-243.0913
490.5451,8.1758,-79.8009,-243.9216
491.5462,8.1924,-79.6236,-242.8002
492.5473,8.2091,-79.0642,-243.0705
493.5484,8.2258,-79.4111,-243.8253
494.5495,8.2425,-79.3978,-245.1309
495.5506,8.2592,-78.8343,-243.5612
496.5517,8.2759,-79.7266,-244.8724
497.5528,8.2925,-79.7184,-243.7264
498.5539,8.3092,-79.4494,-243.2436
499.5551,8.3259,-79.1715,-244.3453
500.5562,8.3426,-79.1636,-245.1647
501.5573,8.3593,-80.0068,-243.7331
502.5584,8.376,-79.7571,-244.4001
503.5595,8.3927,-79.6667,-244.6595
504.5606,8.4093,-80.2567,-243.6206
505.5617,8.426,-79.9589,-244.5505
506.5628,8.4427,-80.3522,-244.1873
507.564,8.4594,-79.6197,-244.872
508.5651,8.4761,-80.2394,-244.5499
509.5662,8.4928,-80.1605,-244.5367
510.5673,8.5095,-79.8253,-244.6402
511.5684,8.5261,-80.1671,-244.8923
512.5695,8.5428,-80.2186,-244.9478
513.5706,8.5595,-80.2428,-244.6104
514.5717,8.5762,-79.733,-245.0904
515.5729,8.5929,-80.3021,-245.3994
516.574,8.6096,-80.6366,-245.375
517.5751,8.6263,-80.1242,-245.7213
518.5762,8.6429,-79.6798,-245.6282
519.5773,8.6596,-79.7205,-245.1592
520.5784,8.6763,-80.1161,-245.5642
521.5795,8.693,-80.5377,-246.7316
522.5806,8.7097,-80.4356,-246.6192
523.5818,8.7264,-79.9884,-245.3671
524.5829,8.743,-80.8515,-244.88
525.584,8.7597,-80.3643,-245.5868
526.5851,8.7764,-80.6956,-246.41
527.5862,8.7931,-80.6511,-246.4321
528.5873,8.8098,-81.053,-246.1361
529.5884,8.8265,-80.1412,-246.1709
530.5895,8.8432,-80.3223,-246.5704
531.5907,8.8598,-80.7989,-245.5739
532.5918,8.8765,-80.629,-245.6687
533.5929,8.8932,-80.2739,-247.2585
534.594,8.9099,-80.6775,-247.2239
535.5951,8.9266,-80.478,-246.194
536.5962,8.9433,-80.8897,-246.2079
537.5973,8.96,-80.7111,-247.3637
538.5984,8.9766,-80.6016,-246.6748
539.5996,8.9933,-80.3808,-248.1174
540.6007,9.01,-81.1138,-247.6149
541.6018,9.0267,-80.56,-247.3079
542.6029,9.0434,-81.1567,-247.7001
543.604,9.0601,-81.4274,-248.4998
544.6051,9.0768,-80.8435,-248.1066
545.6062,9.0934,-80.8015,-247.1849
546.6073,9.1101,-81.1028,-248.043
547.6085,9.1268,-80.5985,-248.5932
548.6096,9.1435,-81.0862,-247.3532
549.6107,9.1602,-80.7015,-247.8488
550.6118,9.1769,-80.6987,-247.8386
551.6129,9.1935,-81.0886,-247.0583
552.614,9.2102,-81.2927,-247.1959
553.6151,9.2269,-81.324,-248.3067
554.6162,9.2436,-80.7951,-248.8181
555.6174,9.2603,-81.3812,-247.3504
556.6185,9.277,-81.831,-248.0866
557.6196,9.2937,-81.3142,-248.573
558.6207,9.3103,-81.3551,-248.0147
559.6218,9.327,-81.5481,-248.9415
560.6229,9.3437,-81.2681,-249.0255
561.624,9.3604,-80.7518,-248.6569
562.6251,9.3771,-81.988,-248.7172
563.6263,9.3938,-81.211,-247.3927
564.6274,9.4105,-80.7744,-249.3434
565.6285,9.4271,-81.412,-249.1189
566.6296,9.4438,-81.0949,-248.5366
567.6307,9.4605,-81.6699,-249.5173
568.6318,9.4772,-81.1008,-249.8325
569.6329,9.4939,-81.2818,-248.5288
570.634,9.5106,-81.6492,-249.4457
571.6352,9.5273,-81.1057,-249.1022
572.6363,9.5439,-81.4862,-249.122
573.6374,9.5606,-81.1938,-248.815
574.6385,9.5773,-81.5783,-249.3415
575.6396,9.594,-81.6865,-250.0295
576.6407,9.6107,-81.1848,-249.9484
577.6418,9.6274,-81.417,-249.8316
578.6429,9.644,-81.5944,-249.7358
579.644,9.6607,-81.8024,-250.202
580.6452,9.6774,-81.6794,-249.7982
581.6463,9.6941,-81.9757,-248.8558
582.6474,9.7108,-81.7839,-250.1203
583.6485,9.7275,-82.343,-249.6238
584.6496,9.7442,-81.7641,-249.334
585.6507,9.7608,-81.6239,-249.0437
586.6518,9.7775,-81.5372,-249.2653
587.6529,9.7942,-81.7441,-250.2526
588.6541,9.8109,-81.6813,-249.9701
589.6552,9.8276,-82.1919,-250.5902
590.6563,9.8443,-81.1957,-250.2402
591.6574,9.861,-81.744,-249.9337
592.6585,9.8776,-82.042,-250.5167
593.6596,9.8943,-81.5722,-251.068
594.6607,9.911,-81.5556,-250.7579
595.6618,9.9277,-81.958,-250.7396
596.663,9.9444,-81.7479,-250.7174
597.6641,9.9611,-82.1532,-251.123
598.6652,9.9778,-81.1275,-251.1595
599.6663,9.9944,-81.917,-250.2478
600.6674,10.0111,-81.6653,-250.8471
601.6685,10.0278,-82.1237,-251.316
602.6696,10.0445,-81.9934,-250.5456
603.6707,10.0612,-82.4308,-251.4048
604.6719,10.0779,-82.7471,-251.1932
605.673,10.0945,-82.0381,-251.164
606.6741,10.1112,-81.7655,-250.15
607.6752,10.1279,-82.2481,-251.3118
608.6763,10.1446,-81.9692,-250.1877
609.6774,10.1613,-81.9039,-251.0343
610.6785,10.178,-82.0478,-251.4992
611.6796,10.1947,-81.8616,-251.3924
612.6808,10.2113,-82.1333,-251.7393
613.6819,10.228,-82.4607,-251.2003
614.683,10.2447,-82.1027,-251.7622
615.6841,10.2614,-82.0394,-251.2155
616.6852,10.2781,-82.3395,-252.2218
617.6863,10.2948,-82.3654,-252.423
618.6874,10.3115,-81.8028,-251.8386
619.6885,10.3281,-82.5115,-251.6909
620.6897,10.3448,-82.7866,-252.2502
621.6908,10.3615,-81.9294,-251.8509
622.6919,10.3782,-81.9026,-251.9325
623.693,10.3949,-82.2787,-252.5298
624.6941,10.4116,-82.3311,-251.8204
625.6952,10.4283,-82.2063,-252.0994
626.6963,10.4449,-81.9734,-251.3196
627.6974,10.4616,-82.348,-252.874
628.6986,10.4783,-82.7895,-252.166
629.6997,10.495,-82.4254,-253.4695
630.7008,10.5117,-82.6357,-252.1505
631.7019,10.5284,-82.1054,-251.7615
632.703,10.5451,-82.5387,-250.8428
633.7041,10.5617,-82.2433,-252.1494
634.7052,10.5784,-82.8415,-252.2048
635.7063,10.5951,-82.45,-252.5804
636.7075,10.6118,-82.7328,-252.5518
637.7086,10.6285,-82.6945,-252.4328
638.7097,10.6452,-82.7115,-252.238
639.7108,10.6618,-82.9168,-252.5919
640.7119,10.6785,-82.6645,-254.1315
641.713,10.6952,-82.7385,-253.2844
642.7141,10.7119,-82.5819,-253.6969
643.7152,10.7286,-82.4942,-251.6693
644.7164,10.7453,-82.7189,-252.651
645.7175,10.762,-83.0947,-252.7607
646.7186,10.7786,-82.1066,-253.6094
647.7197,10.7953,-82.5326,-253.5994
648.7208,10.812,-83.2449,-253.0982
649.7219,10.8287,-82.6522,-252.2851
650.723,10.8454,-83.1259,-254.0731
651.7241,10.8621,-83.5043,-252.8456
652.7253,10.8788,-83.101,-253.0179
653.7264,10.8954,-82.8633,-253.0268
654.7275,10.9121,-82.9339,-253.1922
655.7286,10.9288,-83.094,-253.7792
656.7297,10.9455,-82.7757,-253.4825
657.7308,10.9622,-82.5899,-253.6842
658.7319,10.9789,-83.0495,-253.5064
659.733,10.9956,-82.9814,-254.1636
660.7341,11.0122,-82.2391,-253.093
661.7353,11.0289,-83.0562,-254.1198
662.7364,11.0456,-83.2187,-253.8402
663.7375,11.0623,-82.89,-253.223
664.7386,11.079,-82.7066,-254.2228
665.7397,11.0957,-83.2966,-253.5351
666.7408,11.1123,-83.0502,-253.9511
667.7419,11.129,-82.9819,-253.6262
668.743,11.1457,-82.773,-253.8491
669.7442,11.1624,-82.9385,-253.409
670.7453,11.1791,-83.3332,-255.1317
671.7464,11.1958,-82.769,-253.7331
672.7475,11.2125,-83.0681,-253.4014
673.7486,11.2291,-83.0288,-255.4063
674.7497,11.2458,-82.7731,-254.0216
675.7508,11.2625,-82.6171,-254.1751
676.7519,11.2792,-83.4349,-254.759
677.7531,11.2959,-83.0611,-254.3396
678.7542,11.3126,-83.0646,-253.9934
679.7553,11.3293,-83.0553,-254.4346
680.7564,11.3459,-82.6302,-253.8978
681.7575,11.3626,-82.9047,-253.0876
682.7586,11.3793,-82.8492,-254.2877
683.7597,11.396,-83.0403,-253.6451
684.7608,11.4127,-83.4719,-253.7776
685.762,11.4294,-83.022,-254.4146
686.7631,11.4461,-83.6062,-254.3528
687.7642,11.4627,-82.9539,-254.4774
688.7653,11.4794,-83.0722,-254.527
689.7664,11.4961,-83.4864,-253.6267
690.7675,11.5128,-82.9529,-254.7783
691.7686,11.5295,-83.3911,-254.9194
692.7697,11.5462,-83.1484,-254.8178
693.7709,11.5628,-83.2616,-254.4611
694.772,11.5795,-83.4708,-255.2181
695.7731,11.5962,-82.6429,-254.541
696.7742,11.6129,-83.0914,-254.421
697.7753,11.6296,-83.1401,-253.7549
698.7764,11.6463,-83.2283,-254.2324
699.7775,11.663,-83.0235,-254.5418
700.7786,11.6796,-83.7112,-254.9788
701.7798,11.6963,-83.8796,-254.8774
702.7809,11.713,-83.1907,-255.21
703.782,11.7297,-82.9841,-255.0686
704.7831,11.7464,-83.124,-255.8745
705.7842,11.7631,-83.528,-255.5256
706.7853,11.7798,-83.1,-255.0392
707.7864,11.7964,-83.6736,-254.5021
708.7875,11.8131,-83.5915,-255.2842
709.7887,11.8298,-83.1926,-255.0779
710.7898,11.8465,-83.4329,-255.0605
711.7909,11.8632,-83.9316,-254.7116
712.792,11.8799,-83.2296,-254.9097
713.7931,11.8966,-83.2642,-255.2079
714.7942,11.9132,-83.3598,-255.4896
715.7953,11.9299,-83.4665,-254.4791
716.7964,11.9466,-83.1973,-254.6005
717.7976,11.9633,-83.7043,-255.3111
718.7987,11.98,-83.1527,-255.3614
719.7998,11.9967,-83.3701,-255.5165
720.8009,12.0133,-83.3345,-255.8076
721.802,12.03,-83.557,-256.2692
722.8031,12.0467,-83.5991,-254.9981
723.8042,12.0634,-83.9799,-255.3326
724.8053,12.0801,-83.2023,-255.3251
725.8065,12.0968,-83.5103,-255.0946
726.8076,12.1135,-83.5188,-254.8533
727.8087,12.1301,-83.8896,-254.9684
728.8098,12.1468,-82.9992,-255.7095
729.8109,12.1635,-83.5445,-256.2778
730.812,12.1802,-83.0533,-255.2118
731.8131,12.1969,-83.5828,-255.2515
732.8142,12.2136,-83.1365,-254.9259
733.8154,12.2303,-83.3152,-254.887
734.8165,12.2469,-83.2775,-255.5809
735.8176,12.2636,-83.78,-255.7553
736.8187,12.2803,-83.4153,-255.1198
737.8198,12.297,-83.6842,-255.5771
738.8209,12.3137,-84.3159,-256.1471
739.822,12.3304,-83.8266,-255.5289
740.8231,12.3471,-83.8199,-256.1947
741.8242,12.3637,-83.2015,-255.0603
742.8254,12.3804,-83.9453,-255.6079
743.8265,12.3971,-83.993,-256.7302
744.8276,12.4138,-83.691,-255.7736
745.8287,12.4305,-84.3763,-256.5741
746.8298,12.4472,-83.7673,-256.3361
747.8309,12.4638,-83.7512,-255.5007
748.832,12.4805,-83.066,-256.3336
749.8331,12.4972,-83.1647,-257.0371
750.8343,12.5139,-83.2833,-255.4042
751.8354,12.5306,-83.7576,-256.659
752.8365,12.5473,-83.3436,-256.3821
753.8376,12.564,-84.2201,-256.3336
754.8387,12.5806,-83.2972,-256.5072
755.8398,12.5973,-84.2188,-256.3524
756.8409,12.614,-83.271,-256.0126
757.842,12.6307,-83.6631,-256.7944
758.8432,12.6474,-84.3188,-256.7014
759.8443,12.6641,-83.9702,-256.5217
760.8454,12.6808,-83.8691,-256.8857
761.8465,12.6974,-83.9056,-256.6254
762.8476,12.7141,-83.4283,-256.9041
763.8487,12.7308,-84.4473,-256.4505
764.8498,12.7475,-83.7598,-257.0708
765.8509,12.7642,-83.4599,-257.5007
766.8521,12.7809,-83.5562,-256.9408
767.8532,12.7976,-83.8973,-256.5752
768.8543,12.8142,-83.9631,-256.1572
769.8554,12.8309,-83.5872,-254.9894
770.8565,12.8476,-83.8485,-255.817
771.8576,12.8643,-84.0987,-256.0768
772.8587,12.881,-83.4032,-256.3686
773.8598,12.8977,-84.1202,-256.5536
774.861,12.9143,-83.1316,-257.242
775.8621,12.931,-84.0902,-256.1819
776.8632,12.9477,-84.2093,-256.71
777.8643,12.9644,-83.7813,-256.7507
778.8654,12.9811,-84.0639,-257.1111
779.8665,12.9978,-84.137,-257.4008
780.8676,13.0145,-83.5882,-256.7413
781.8687,13.0311,-83.9377,-256.6464
782.8699,13.0478,-83.911,-257.5584
783.871,13.0645,-84.3509,-256.4073
784.8721,13.0812,-83.2969,-256.9561
785.8732,13.0979,-83.7651,-256.3006
786.8743,13.1146,-83.6292,-256.9621
787.8754,13.1313,-83.615,-256.8655
788.8765,13.1479,-84.3407,-257.0831
789.8776,13.1646,-84.0881,-256.545
790.8788,13.1813,-84.1751,-257.6688
791.8799,13.198,-83.8795,-256.8377
792.881,13.2147,-84.281,-256.5929
793.8821,13.2314,-83.9764,-256.4993
794.8832,13.2481,-83.8887,-257.8154
795.8843,13.2647,-84.4442,-257.3537
796.8854,13.2814,-84.2727,-256.9788
797.8865,13.2981,-83.997,-257.8706
798.8877,13.3148,-84.3034,-256.8607
799.8888,13.3315,-84.0597,-257.0862
800.8899,13.3482,-83.2563,-257.434
801.891,13.3648,-84.3402,-257.8305
802.8921,13.3815,-83.604,-257.2508
803.8932,13.3982,-84.3949,-256.8947
804.8943,13.4149,-84.6683,-256.8529
805.8954,13.4316,-84.0335,-257.7813
806.8966,13.4483,-84.2616,-257.5076
807.8977,13.465,-84.3746,-257.9362
808.8988,13.4816,-84.2755,-257.6745
809.8999,13.4983,-84.1266,-256.3652
810.901,13.515,-83.7316,-257.9334
811.9021,13.5317,-83.7915,-257.2483
812.9032,13.5484,-84.5224,-257.8546
813.9043,13.5651,-84.3244,-257.6742
814.9055,13.5818,-83.8358,-257.3168
815.9066,13.5984,-84.3176,-256.4184
816.9077,13.6151,-83.9821,-257.7745
817.9088,13.6318,-84.2621,-258.5123
818.9099,13.6485,-84.0802,-256.8434
819.911,13.6652,-84.3018,-258.3623
820.9121,13.6819,-84.2885,-257.4515
821.9132,13.6986,-84.1805,-257.1515
822.9143,13.7152,-84.0078,-258.32
823.9155,13.7319,-84.1372,-257.6351
824.9166,13.7486,-84.2374,-257.1653
825.9177,13.7653,-84.441,-257.7299
826.9188,13.782,-84.9165,-257.1736
827.9199,13.7987,-84.0598,-257.1916
828.921,13.8154,-83.6243,-257.8862
829.9221,13.832,-83.6734,-258.6405
830.9232,13.8487,-84.3139,-257.958
831.9244,13.8654,-84.3276,-257.4425
832.9255,13.8821,-84.4326,-257.187
833.9266,13.8988,-84.7672,-258.1858
834.9277,13.9155,-84.577,-256.9837
835.9288,13.9321,-83.6859,-257.448
836.9299,13.9488,-84.1826,-257.8593
837.931,13.9655,-84.1251,-257.407
838.9321,13.9822,-84.2975,-257.9102
839.9333,13.9989,-84.2798,-258.0158
840.9344,14.0156,-84.2323,-257.5635
841.9355,14.0323,-84.4153,-257.8331
842.9366,14.0489,-84.6587,-258.3905
843.9377,14.0656,-84.6541,-257.5009
844.9388,14.0823,-84.4652,-257.3595
845.9399,14.099,-84.1931,-257.7248
846.941,14.1157,-84.167,-257.2755
847.9422,14.1324,-83.5595,-257.0577
848.9433,14.1491,-84.6974,-257.7768
849.9444,14.1657,-84.1456,-257.429
850.9455,14.1824,-84.4381,-258.7658
851.9466,14.1991,-84.0009,-258.2805
852.9477,14.2158,-83.9265,-257.8124
853.9488,14.2325,-84.7586,-257.376
854.9499,14.2492,-84.1179,-258.6948
855.9511,14.2659,-84.7411,-257.994
856.9522,14.2825,-84.5678,-257.9477
857.9533,14.2992,-84.2718,-258.2955
858.9544,14.3159,-84.038,-258.0408
859.9555,14.3326,-84.4754,-257.808
860.9566,14.3493,-84.6214,-258.1226
861.9577,14.366,-84.6123,-256.976
862.9588,14.3826,-84.4534,-257.9126
863.96,14.3993,-83.7832,-257.8409
864.9611,14.416,-83.8436,-258.6092
865.9622,14.4327,-84.0888,-258.163
866.9633,14.4494,-84.0413,-257.9994
867.9644,14.4661,-83.8551,-257.5534
868.9655,14.4828,-84.2729,-257.7953
869.9666,14.4994,-84.4385,-258.7371
870.9677,14.5161,-84.3936,-258.1917
871.9689,14.5328,-84.2976,-257.3046
872.97,14.5495,-84.2138,-257.7612
873.9711,14.5662,-84.9176,-257.8697
874.9722,14.5829,-84.5624,-258.8263
875.9733,14.5996,-83.7676,-257.9472
876.9744,14.6162,-84.5392,-258.1493
877.9755,14.6329,-84.3954,-258.3723
878.9766,14.6496,-84.018,-258.1934
879.9778,14.6663,-83.852,-258.5701
880.9789,14.683,-83.8083,-258.416
881.98,14.6997,-84.2313,-258.3212
882.9811,14.7164,-83.7876,-258.2999
883.9822,14.733,-84.7307,-258.7901
884.9833,14.7497,-84.2868,-257.888
885.9844,14.7664,-84.1909,-257.7122
886.9855,14.7831,-84.2386,-258.6146
887.9867,14.7998,-84.2006,-258.1645
888.9878,14.8165,-84.3971,-257.5858
889.9889,14.8331,-84.3762,-258.9712
890.99,14.8498,-84.742,-258.152
891.9911,14.8665,-84.4504,-257.9796
892.9922,14.8832,-84.4501,-258.1867
893.9933,14.8999,-84.4872,-257.6098
894.9944,14.9166,-84.0041,-258.9891
895.9956,14.9333,-84.3864,-258.382
896.9967,14.9499,-83.989,-257.8679
897.9978,14.9666,-84.2701,-258.8335
898.9989,14.9833,-84.432,-258.7191
900.0,15.0,-84.2515,-257.9821
